id,item,qty,specification,compatible_alternatives,est_unit_usd,est_total_usd,example_sources,price_status
E1,ESP32 DevKitC V4 (WROOM-32 30-pin),1,"ESP32-WROOM-32, CP2102/CH340 USB, 30-pin",ESP32-S3 DevKitC (pin remap),6.00,6.00,"eBay ~$5, LCSC $8.7, Mouser $10",verified 2026-09 (range)
E2,TMC2208 stepper driver stepstick,1,"standalone mode, with heatsink",A4988 or DRV8825 (3S pack only),5.00,5.00,"UK £3.25-4.45, US $6-20",verified (range)
E3,NEMA 17 stepper motor,1,"42 mm, 1.5-1.7 A, 4-wire, 5 mm shaft (17HS4401 class)",17HS4023 (1 A) with Vref 0.7 V,10.00,10.00,"StepperOnline, Amazon, AliExpress",unverified (typical)
E4,Shaft coupler 5 mm to 8 mm,1,"flexible aluminium 19 x 25 mm",rigid coupler,2.50,2.50,"Ender-3 Z-axis kits include one",unverified
E5,M8 threaded rod 200 mm + 4 nyloc nuts + 6 washers,1,"zinc plated, cut to 165 mm",8 mm smooth rod with a filed flat and set screws,2.00,2.00,"hardware store",unverified
E6,608ZZ bearing,2,"8 x 22 x 7 mm",608-2RS,0.75,1.50,"skate bearings, Amazon 10-pack ~$7",unverified
E7,MG90S micro servo,1,"metal gear, 180 deg, with horns",SG90,3.00,3.00,"Waveshare $2.59, eBay 4-pack $13.95",verified
E8,N20 micro gearmotor 6 V 300 rpm,3,"N20 metal gearbox, 3 mm D-shaft",N20 200-500 rpm,4.00,12.00,"Robu.in ~$3, Amazon 2-packs ~$9",partly verified
E9,DRV8833 dual H-bridge module,2,"2.7-10.8 V, 1.5 A/ch",TB6612FNG module,3.00,6.00,"Pololu $4.95, generic $2-3",verified (range)
E10,3S Li-ion battery pack with BMS,1,"11.1 V 2200-2600 mAh 18650 3S1P, BMS >= 5 A, XT30 or JST-XH",any protected 3S pack <= 75 x 60 x 22 mm,18.00,18.00,"Amazon, robotics suppliers",unverified (typical)
E11,12.6 V 1 A Li-ion charger,1,"CC/CV, 5.5x2.1 barrel",12.6 V 1.5-2 A,6.00,6.00,"eBay £3-4 to $19",verified (range)
E12,DC barrel jack panel mount 5.5x2.1,1,"with nut",—,1.00,1.00,"any",unverified
E13,Buck converter 5 V 3 A,1,"MP1584EN or LM2596 adjustable",fixed 5 V 3 A module,2.00,2.00,"any",unverified
E14,Toggle switch SPST,1,">= 3 A DC, 6 mm bushing",rocker,1.50,1.50,"any",unverified
E15,Push button momentary 12 mm,1,"panel mount",arcade button,2.00,2.00,"any",unverified
E16,WS2812B pixel breakout,1,"single pixel",3 LEDs,1.00,1.00,"any",unverified
E17,Passive piezo buzzer,1,"5 V passive",active buzzer,1.00,1.00,"any",unverified
E18,IR LED 940 nm 3 mm,3,"TSAL4400 / IR204",5 mm (enlarge holes),0.35,1.05,"DigiKey/RS $0.25-0.45",verified (range)
E19,IR phototransistor 3 mm,3,"TEFT4300 / PT204-6B",5 mm PT334,0.40,1.20,"DigiKey/RS ~$0.30",verified (range)
E20,Slotted optical sensor module (index),1,"LM393 comparator module, 5 mm slot, digital out","bare TCST2103 + 10 k pull-up on GPIO32",1.00,1.00,"'IR speed sensor module' listings",unverified
E21,NPN transistor 2N2222 / BC547,1,"TO-92",logic-level N-MOSFET,0.20,0.20,"any",unverified
E22,Resistor set,1,"150 x3, 1 k, 10 k x4, 100 k, 33 k, 330, 100 ohm",—,1.00,1.00,"any",unverified
E23,Capacitors,1,"100 uF 25 V x3, 470 uF 10 V, 100 nF x3",—,1.00,1.00,"any",unverified
E24,Perfboard 70x50 + headers + JST-XH kit + wire,1,"female headers, JST-XH 2.54 crimp kit, 22-24 AWG",Dupont,8.00,8.00,"any",unverified
E25,Polyfuse 3 A,1,"resettable, or blade fuse holder + 3 A",—,1.00,1.00,"any",unverified
M1,O-rings ID 20 x CS 3.5 mm nitrile,5,"feed roller (4 + spare)",silicone,0.40,2.00,"metric O-ring assortment ~$8 covers M1-M3",unverified
M2,O-rings ID 10 x CS 3.0 mm nitrile,9,"two nip rollers (8 + spare)",—,0.25,2.25,"assortment",unverified
M3,O-rings 9 x 2 mm,4,"idler wheels",plain printed wheels,0.20,0.80,"assortment",unverified
M4,Self-adhesive felt sheet 1.5 mm,1,"chute end wall, lid pad, optional shroud lining",EVA foam,3.00,3.00,"any",unverified
M5,M3 screw assortment,1,"M3 x 6/8/10/12/16/20 (~80 pcs), M3 x 50 x2, M3 x 60 x1, nuts, 2 grub",heat-set inserts optional,8.00,8.00,"any",unverified
M6,M2 x 8 screws,6,"servo tabs, index module, horn pin",—,0.10,0.60,"any",unverified
M7,Compression springs from ballpoint pens,4,"~5 mm OD, 15 mm",rubber bands,0.00,0.00,"scrap",—
M8,AA cells (dead) for lid ballast,2,"any",coins/washers,0.00,0.00,"scrap",—
M9,Velcro strap + foam pad,1,"battery retention",zip ties,2.00,2.00,"any",unverified
O1,TCRT5000 module (optional deck-loaded sensor),1,"",—,1.00,1.00,"any",unverified
